customer_id,first_name,last_name,email,phone_number,pan_number,created_at,last_updated
1036,,,olndunff@example.com,5236400578,BRNUT1839I,2023-12-23,2020-08-01
1048,IbFHH,,gjahsn@example.com,8485223625,HWQNW3294S,2023-12-30,2021-02-13
1076,,,invalid@domain,12345,1234567890,2023-02-01,2023-12-18
1091,uympxW,,hvsnrcbp@example.com,9598478095,UFFOL7759L,2023-11-15,2024-09-03
1100,NnwGM,,invalid@domain,123-456-789,1234567890,2020-08-11,2022-04-11
1079,CIsX,uEWvX,ibobq@example.com,5078155548,QESQF7286H,2020-11-23,2022-02-01
1069,,ykLX,idpqd@example.com,6414486790,NGLNB3029G,2023-04-05,2020-08-20
1046,,,robcg@example.com,2346909386,SJIAJ0327X,2021-03-09,2023-10-13
1019,,,xcrsmc@example.com,8703628789,AVBKO7135X,2024-10-21,2021-09-07
1084,FJyckU,zAWGq,fzhjyopr@example.com,7199125531,UTQJK4571V,2022-05-27,2024-05-29
1043,TXVMPa,,hvyg@example.com,0292657825,NKYAW5944X,2022-08-15,2022-10-27
1030,UiDAPkiU,,mpzsignt@example.com,8312556727,RTIKL1756I,2020-11-05,2022-04-02
1040,,,uqapenrm@example.com,5383693971,ZVAFN3623R,2021-04-14,2023-06-07
1020,,HAikNQd,laqglna@example.com,7725863128,UGRNA3454J,2024-01-06,2024-11-23
1094,NKMlSFg,IWId,@missingusername.com,abcdefghij,!!!invalidPAN,2024-06-29,2021-07-15
1060,,,cadis@example.com,3593137770,MUGZH6697L,2022-01-09,2024-11-18
1004,,,mrbh@example.com,2597530001,WTGUU1206G,2024-05-30,2023-06-13
1011,,bgPSq,@missingusername.com,9999999999999,!!!invalidPAN,2024-06-10,2022-01-04
1071,KSWXZ,PMKj,invalid@domain,12345,!!!invalidPAN,2021-08-20,2022-01-16
1023,,oUyL,invalid@domain,12345,1234567890,2021-11-21,2024-11-12
1084,,,lbll@example.com,9278934829,JVZEV4840Z,2023-08-14,2020-01-18
1034,,,wlomcero@example.com,4820588442,IFNML9745F,2023-10-14,2020-11-13
1054,gcjKgeUU,GyNRat,uymem@example.com,2506127074,IGRMD9028P,2020-04-08,2023-11-02
1050,yKgL,,cdar@example.com,1760333432,RNNRO1758C,2023-04-03,2020-08-10
1069,TtaqC,,mbeqe@example.com,9464647805,JQVRV3719C,2020-09-26,2024-01-22
1076,,,inesgt@example.com,8944234981,IURCO6333C,2023-06-20,2024-10-15
1028,,,exzmvjf@example.com,9245929528,GLSFR5046V,2023-07-18,2020-04-05
1070,omMkSAv,,zwqgdblx@example.com,6858965226,HBKDQ1048N,2021-10-06,2023-07-01
1034,deIb,qBzc,nreevjh@example.com,1817544146,UDKJI0529I,2024-12-09,2024-04-20
1003,TszuBjL,,iypszz@example.com,0325586942,BQXFL4248Z,2021-06-15,2021-11-19
1086,mwTke,fuugj,nrdfnoq@example.com,7590084661,EXMQT3540W,2022-01-09,2021-08-13
1037,,,fjpg@example.com,3589502201,PDROZ5136R,2021-09-19,2020-02-12
1034,,,abc@@xyz.com,9999999999999,!!!invalidPAN,2024-07-29,2021-09-16
1069,,cfGZbZK,xqndbmp@example.com,3794760572,SYKZC8178Y,2022-02-22,2021-10-07
1002,RWXzikQC,uqUMQrt,jlqxnu@example.com,4974585141,PKPRQ1424A,2020-06-01,2022-05-11
1084,upIge,,quvrmpqg@example.com,4014332512,BHZHJ4309J,2021-03-21,2020-05-21
1036,BSmz,,abc@@xyz.com,abcdefghij,AAA1111AA1,2022-06-21,2021-12-03
1080,zTwVwzV,EweOo,txraddz@example.com,2177501486,UNYJP7458C,2021-11-22,2023-10-08
1089,fKyM,,abc@@xyz.com,9999999999999,!!!invalidPAN,2024-12-14,2024-11-08
1045,,zHBu,wegxs@example.com,2813682834,LBYTJ3052A,2024-07-29,2020-07-18
1075,yxpWaKJ,FdeidK,gzibav@example.com,3337555207,UXLCH1306K,2023-12-10,2021-12-20
1058,,,reoryedc@example.com,2996644199,JJOOZ0266J,2021-08-31,2024-01-21
1045,iaHuLyV,,vhlejhsr@example.com,9157535384,ERDZX3975J,2023-06-01,2023-03-23
1061,,,ezzzoz@example.com,5478302432,EYLLV9968U,2024-07-04,2023-02-12
1026,avco,mAPeowx,abc@@xyz.com,123-456-789,!!!invalidPAN,2021-01-08,2023-08-01
1042,,,nfgesty@example.com,0920748530,YIGLG7502U,2024-01-02,2023-12-14
1074,,CesB,invalid@domain,12345,ABCDE12345,2023-07-20,2022-01-17
1055,kvLZdzoF,LWoh,noatsymbol.com,123-456-789,ABCDE12345,2020-05-08,2023-06-21
1068,,,nddjrar@example.com,9597807781,ABOMT0971Y,2022-04-03,2022-10-26
1094,WqgmBnZe,,invalid@domain,12345,ABCDE12345,2024-01-11,2024-02-18
1082,IZqejAMJ,hknWS,acikzf@example.com,2716678578,XIRLH7733W,2020-06-05,2023-07-03
1039,,tqsTxiXj,qsim@example.com,5450965932,JQISL1286O,2020-11-25,2024-05-14
1066,,,invalid@domain,12345,!!!invalidPAN,2022-02-09,2020-08-14
1065,DxXqO,,sjeto@example.com,7693690577,NTSLH6140E,2024-11-05,2021-08-24
1022,PwoPjUt,HdSPgsvj,invalid@domain,12345,AAA1111AA1,2023-12-19,2022-12-11
1067,,,nngnr@example.com,6654503492,RACJF3726I,2024-01-21,2022-10-26
1067,EeStt,TGlBZm,jjrs@example.com,0997621949,AVOUJ7565Y,2023-07-27,2022-03-13
1057,OnPriOd,,innvty@example.com,3756497655,HELFI8193N,2024-04-14,2022-12-25
1055,vVoTTSo,VZlHueEP,txzat@example.com,5893035544,WCZXR1154G,2023-02-24,2022-07-08
1086,,,iqmttb@example.com,3874278553,CFEVD5811F,2020-08-29,2020-04-13
1019,PgyhIx,,abc@@xyz.com,abcdefghij,AAA1111AA1,2024-02-15,2023-10-12
1005,LHIzXOYX,,nhsu@example.com,6025391928,VAVJH1114M,2022-05-29,2024-08-14
1010,POcCy,XqIT,usrwb@example.com,9036297943,CGSYZ8432D,2022-10-07,2024-11-06
1093,GzuxMAGD,nqbE,sjoi@example.com,5084773913,AKNET5480I,2021-04-13,2021-12-23
1014,hJQVGY,,rwvk@example.com,4341027507,FBYMC3529E,2020-10-16,2022-11-24
1020,,,invalid@domain,12345,!!!invalidPAN,2020-06-24,2022-07-17
1070,,YwUYeZJ,aydiv@example.com,4483110307,GNAGN3560Z,2021-09-11,2022-06-03
1013,,icdKAjFA,cxbss@example.com,6420612925,GERJW7484H,2021-07-06,2020-12-03
1050,,dtXodGM,abc@@xyz.com,abcdefghij,AAA1111AA1,2023-02-01,2023-09-14
1064,,,rbokn@example.com,8542833933,TYBKZ7318E,2024-05-28,2022-09-06
1024,,Zkyr,noatsymbol.com,9999999999999,1234567890,2021-07-13,2021-12-07
1047,,,basqyoeo@example.com,7067360413,CCAAS9915B,2023-09-25,2024-11-18
1006,,,jaks@example.com,7289091077,RKRDY8593G,2023-10-09,2021-07-01
1080,rZJye,HtyAtWqU,zwtkewr@example.com,3294249211,RQGHJ2563Q,2021-04-12,2023-04-27
1035,DtwEEHz,,hxrxw@example.com,1323126321,DRGMH5608S,2021-09-12,2020-11-28
1084,,,invalid@domain,12345,!!!invalidPAN,2022-05-16,2021-02-08
1040,Ndjf,,frgozja@example.com,8944827077,BRPOV1988C,2022-09-15,2020-09-05
1004,,,abc@@xyz.com,123-456-789,ABCDE12345,2023-01-12,2022-08-04
1077,kLUo,zRPNwzc,fbyo@example.com,0326677140,VGHVQ7242H,2022-08-28,2021-11-30
1092,EzKNztn,,abc@@xyz.com,9999999999999,ABCDE12345,2022-06-20,2022-12-30
1027,TKUk,,phvpbit@example.com,5336425816,DTRVE2501T,2023-11-28,2022-11-24
1005,,,vfyv@example.com,4542454513,PKNDE7222Y,2020-07-27,2023-01-29
1094,MQbwvGU,,noatsymbol.com,123-456-789,AAA1111AA1,2024-11-22,2022-12-14
1098,ogsnXs,,invalid@domain,123-456-789,!!!invalidPAN,2022-06-27,2021-11-28
1063,,,limttzy@example.com,4734950175,CCYET8468G,2021-09-19,2022-01-12
1050,,JlXOt,vegduq@example.com,2256762789,QZDEY5883E,2024-06-26,2020-06-21
1018,,,zxwow@example.com,8832055577,RUBZZ7442U,2024-02-21,2023-02-13
1006,acaWRvB,HgiOctG,noatsymbol.com,12345,1234567890,2022-12-26,2021-02-16
1020,guYzz,,vakienog@example.com,7335374289,NUZRG4802Y,2021-08-22,2024-02-29
1039,ZzWjrFnK,xFksecGc,abc@@xyz.com,123-456-789,AAA1111AA1,2020-02-28,2023-07-31
1045,TuSkqMb,,prrs@example.com,9398303382,PNFSS2900S,2022-01-18,2022-06-20
1077,WtgxmD,,tclbu@example.com,5631002950,JVVKR7232Z,2024-09-28,2020-12-09
1080,,,nrux@example.com,8405386371,IYCNK6428I,2024-08-06,2024-02-11
1094,vJzzLbLC,,rsjt@example.com,0674495308,UYASU0065F,2021-09-02,2021-04-06
1020,eutCf,,ciod@example.com,3888507407,NIZVU5068H,2023-12-10,2023-10-03
1007,UREk,,txwd@example.com,0967774051,ZZVMA7498J,2022-10-21,2024-02-12
1040,,VdHoiS,zrlcz@example.com,1596847848,OQBHV0092Q,2021-01-30,2023-07-11
1049,XvXGbA,vOPlQ,noatsymbol.com,9999999999999,1234567890,2022-02-26,2021-07-08
1042,crUfVwc,,jfkl@example.com,1319882284,ORZIC4374R,2020-07-14,2021-04-14
1082,maVFgPlf,KfaD,@missingusername.com,123-456-789,ABCDE12345,2023-07-31,2023-02-06
1022,YtOOCr,,invalid@domain,12345,!!!invalidPAN,2022-07-09,2021-03-24
1084,WkKGM,,ysrrp@example.com,2213139030,PUQTD1834G,2022-09-29,2022-11-25
1025,,NIgf,abc@@xyz.com,12345,1234567890,2022-08-26,2020-09-09
1029,,,qqnwcpx@example.com,5578332251,QGMOB9722B,2023-04-06,2020-12-03
1094,,VVFIxjq,xzalfjpw@example.com,3490522650,FTLVD2151R,2024-03-20,2021-11-26
1060,,,ayqbhsde@example.com,7012654631,DQVBE0087A,2023-05-07,2020-07-23
1001,,,acihoik@example.com,4626356883,PJTYW3361J,2020-06-09,2020-07-22
1021,POqYbqXk,,ltzl@example.com,7136413334,QYFUW1961N,2024-07-10,2021-04-19
1019,,oVQjwQN,@missingusername.com,12345,!!!invalidPAN,2022-10-23,2024-06-25
1050,QxqNT,gAvfEtHG,zggfhmjf@example.com,9559000894,YPQHT3142F,2022-03-24,2023-02-26
1100,,kiLUiD,hrjkvl@example.com,4858997723,FGLWB3355S,2023-02-09,2022-01-26
1061,UOPF,,noatsymbol.com,12345,!!!invalidPAN,2021-08-26,2020-02-18
1054,UlFfxAT,,bypsq@example.com,1820172552,UYUEM4196B,2020-07-14,2021-02-27
1063,,,imluq@example.com,5531384799,YHLUV2214X,2022-09-11,2024-12-05
1001,,,vgcpbial@example.com,5670975597,IEKTV0973B,2020-04-17,2022-08-15
1060,JsFlJ,,abc@@xyz.com,12345,!!!invalidPAN,2024-03-24,2021-12-11
1054,Mprf,,invalid@domain,12345,1234567890,2022-01-17,2023-06-10
1074,,,vwuuezn@example.com,6534269614,UFPYP1741J,2020-08-16,2020-12-27
1039,TbfbP,BHMVuqW,eevvdl@example.com,9419756429,OOHOH3152O,2024-10-06,2020-02-25
1052,XUKxe,,noatsymbol.com,9999999999999,1234567890,2022-10-06,2020-01-25
1071,,,noatsymbol.com,abcdefghij,ABCDE12345,2022-03-12,2023-09-09
1046,IpDkRoEx,,hxyy@example.com,7368062911,WSWMU4369H,2024-04-18,2023-03-21
1089,,,ypmkerr@example.com,7190412487,KILDV5189V,2023-06-07,2020-12-15
1045,PelcB,hlnSWhU,@missingusername.com,12345,AAA1111AA1,2023-09-07,2022-03-21
1045,,,emymahxi@example.com,0277214252,UESMF2963E,2022-05-26,2023-06-24
1100,qAnftMu,YuTn,ktoifcg@example.com,0577567696,GEXTO4960Q,2022-01-06,2020-12-28
1008,ANXBK,BPwNkbO,llzofay@example.com,2154085627,DJCGC2756M,2020-07-12,2021-07-09
1002,lUmz,,invalid@domain,9999999999999,ABCDE12345,2020-01-07,2024-01-08
1033,,,stpgudd@example.com,4846864820,OJQVU9701C,2022-08-29,2022-01-24
1086,hpzSLDe,ngfND,iffsbfb@example.com,7593136740,HCHUA9332T,2021-10-30,2021-11-23
1068,mkQlRVWf,,abc@@xyz.com,9999999999999,!!!invalidPAN,2020-12-06,2021-02-05
1031,zTeN,,clnoqmkl@example.com,8583163263,PPXNU8809B,2022-05-07,2022-07-06
1042,kVxIyMl,eYPqK,dtsojbwm@example.com,4928921472,UDRXW6104W,2024-03-20,2022-10-03
1016,iMUNk,,abc@@xyz.com,9999999999999,ABCDE12345,2023-07-26,2021-04-21
1075,vZuO,,noatsymbol.com,12345,ABCDE12345,2020-03-07,2020-09-10
1067,,OyLASEI,@missingusername.com,12345,ABCDE12345,2024-04-25,2022-01-09
1090,,JcNmSl,xfxmh@example.com,3613222021,TJABA5760B,2024-05-07,2022-03-16
1014,,,abc@@xyz.com,9999999999999,ABCDE12345,2023-06-19,2022-10-10
1086,,,abc@@xyz.com,12345,AAA1111AA1,2022-09-05,2020-11-01
1030,ovGHw,,glsds@example.com,3821455870,PADNS0031O,2021-05-05,2021-08-03
1020,AAgX,,trpxqbm@example.com,0448229149,ZVPFK0864J,2023-05-11,2023-07-27
1095,,,abc@@xyz.com,123-456-789,ABCDE12345,2022-04-07,2024-02-29
1022,,,komf@example.com,6485364830,MIKYS1347K,2024-09-07,2022-11-04
1019,,,@missingusername.com,9999999999999,ABCDE12345,2024-07-10,2023-05-23
1087,yttPtFO,dyqPcl,egbz@example.com,4192680151,NENPC8092L,2020-04-02,2022-10-17
1070,,QmRkNCLf,xwtaxbxh@example.com,2575711144,XBJMP8357I,2023-11-16,2023-03-30
1050,phMnObS,,ooiytey@example.com,5411047273,KZBEH6739B,2020-05-02,2023-11-21
1071,,BNpJprj,noatsymbol.com,12345,ABCDE12345,2024-06-12,2022-12-31
1078,,,ywhvuvjh@example.com,0826256159,QVSMA6142S,2023-07-28,2021-06-05
1091,,,abc@@xyz.com,123-456-789,ABCDE12345,2021-07-07,2020-03-24
1021,mpuNhl,,noatsymbol.com,123-456-789,AAA1111AA1,2024-03-08,2024-12-23
1058,,,djslsgi@example.com,1572528075,XSDGU7859V,2020-06-03,2022-05-19
1077,ZfPGtGen,UNBMWOo,wfaalfaz@example.com,7781857115,WYCDB2356T,2023-04-05,2023-09-24
1047,,,zbomvcn@example.com,6671617331,XRZPK2090D,2023-10-25,2022-05-24
1025,AQoIJi,,abc@@xyz.com,12345,ABCDE12345,2021-08-09,2024-05-05
1091,,,ravavins@example.com,6796936445,BQOMA6798A,2023-09-27,2021-08-18
1045,,,invalid@domain,9999999999999,ABCDE12345,2021-12-07,2020-04-20
1072,oMtHZcB,UJaI,nsvijz@example.com,5003166615,ZOAUJ4970W,2020-02-07,2020-01-15
1063,ejOAFyB,qlXoo,@missingusername.com,abcdefghij,ABCDE12345,2024-05-09,2022-10-02
1066,UIbC,xjGXLv,tayaeh@example.com,8438079111,SCLYN0816O,2020-05-24,2021-01-06
1039,,,xkdxan@example.com,5361868275,JVWZU3462A,2022-01-07,2024-09-24
1036,,yNJKu,snzm@example.com,9088092513,JTOWO9454S,2020-01-06,2022-01-19
1062,vwqkegGx,,abc@@xyz.com,12345,AAA1111AA1,2024-08-27,2023-01-21
1095,bOpDv,IGGCOw,kotac@example.com,5149993501,CLRKK2710D,2023-11-25,2020-06-28
1061,,uxgY,rtyhpdc@example.com,2142141089,GQXLT3116J,2024-10-22,2023-04-10
1022,ZFlPI,IPXNbwk,@missingusername.com,123-456-789,AAA1111AA1,2020-02-07,2024-07-30
1026,QdGbeH,,oemd@example.com,2030233843,AMNSQ5455W,2020-01-06,2021-05-25
1033,pwqxu,zZmuq,oavnilaf@example.com,0232053632,KFZCZ4505M,2021-01-07,2023-03-31
1077,,sxfUMPy,qtjct@example.com,8683076270,XBIVZ3972S,2024-07-02,2022-02-10
1075,NqiBoFR,GQMlqHn,pbmsn@example.com,9055818272,YFFWA3272E,2024-04-07,2021-02-21
1071,phTuA,,xhlxze@example.com,6913295290,YQWOW9685Z,2024-05-11,2023-10-12
1017,,,tbiby@example.com,8466953304,IPZJR1956K,2023-03-13,2024-01-07
1028,zxtgVl,,hpnisg@example.com,8563606796,UYFSV4716R,2024-06-28,2022-12-02
1057,fcuoko,WbWhDGX,abc@@xyz.com,123-456-789,!!!invalidPAN,2021-02-02,2022-03-31
1031,bUEKRuZ,,@missingusername.com,123-456-789,1234567890,2023-09-02,2022-03-06
1067,EoCUe,neJvjHg,jpky@example.com,3432738759,JPUAD1136Z,2023-10-06,2020-02-13
1000,,cbaHWGFK,qnvlrny@example.com,3811549683,HRWNX5081A,2024-08-08,2021-05-09
1043,,,abc@@xyz.com,12345,1234567890,2024-03-19,2022-03-19
1100,IhexxBi,TJREWA,xeat@example.com,3220307408,ADAWU7243R,2023-01-09,2021-05-03
1096,,,dtdfgwz@example.com,0920065491,QVXPE4613G,2020-08-14,2024-07-19
1077,,,kuetx@example.com,3867339588,HUXDF5843V,2023-11-16,2022-10-10
1054,uhBhg,wnuFof,uskhsju@example.com,3482249637,UEYQC8502O,2020-07-06,2023-01-29
1042,bsPeDWav,nWfFzc,invalid@domain,123-456-789,AAA1111AA1,2020-09-17,2021-05-08
1060,kwhJm,,kqeh@example.com,0855700570,VNBLR1755R,2022-11-05,2024-09-08
1075,Vuzi,,uqnk@example.com,4915251729,EHRJN5006T,2021-06-13,2023-08-11
1030,,,invalid@domain,12345,ABCDE12345,2021-02-10,2021-04-04
1095,,,ghfjdytk@example.com,7921815127,GZOGN8161X,2022-03-03,2022-07-14
1016,,,afnn@example.com,9012550459,FKFHK7230J,2024-05-25,2020-12-05
1046,xqyi,,suqobkfh@example.com,3083614306,HWKCR2059I,2021-07-09,2023-08-03
1031,,,qmas@example.com,5153995843,KSCXI6970J,2023-02-06,2021-02-06
1080,,,noatsymbol.com,abcdefghij,!!!invalidPAN,2024-10-05,2020-01-22
1078,JjWBgJSl,,@missingusername.com,abcdefghij,1234567890,2020-05-04,2021-09-12
1070,kIOMhTP,quGlFqhc,pjcjh@example.com,0199735023,TGYFH4322Y,2020-03-11,2022-03-18
1069,nioRee,,entitmoc@example.com,6258495041,LVLOW3890Q,2021-04-21,2024-10-05
1046,kQzxOF,EwqD,sxhvqqi@example.com,4976720612,JBERP1747F,2021-06-19,2022-01-26
1014,SrbSh,gCQco,invalid@domain,abcdefghij,ABCDE12345,2023-07-14,2023-09-21
1077,WGBwU,,eizo@example.com,1525958109,ATRUN0444V,2020-06-13,2023-03-15
1078,,oLlbTv,ktrrzk@example.com,0694565290,FTTGO9117L,2022-03-08,2022-03-27
1015,Ssaf,wVRdm,ahodidj@example.com,0690805954,XEXCH4297F,2023-09-05,2020-03-22
1099,mOOTMyWj,negVFDC,noatsymbol.com,9999999999999,1234567890,2020-01-22,2020-07-23
